
INSERT INTO `sys_dict_data` (`dict_code`, `dict_sort`, `dict_label`, `dict_value`, `dict_type`, `css_class`, `list_class`, `is_default`, `status`, `create_by`, `create_time`, `update_by`, `update_time`, `remark`) VALUES (29, 0, '积分客户号', 'cust', 'points_voucher_type', NULL, 'default', 'N', '0', 'admin', '2022-05-05 14:52:54', 'admin', '2022-05-05 14:53:57', NULL);

INSERT INTO `sys_dict_data` (`dict_code`, `dict_sort`, `dict_label`, `dict_value`, `dict_type`, `css_class`, `list_class`, `is_default`, `status`, `create_by`, `create_time`, `update_by`, `update_time`, `remark`) VALUES (30, 1, '手机号码', 'mobile', 'points_voucher_type', NULL, 'default', 'N', '0', 'admin', '2022-05-05 14:53:15', '', NULL, NULL);

INSERT INTO `sys_dict_data` (`dict_code`, `dict_sort`, `dict_label`, `dict_value`, `dict_type`, `css_class`, `list_class`, `is_default`, `status`, `create_by`, `create_time`, `update_by`, `update_time`, `remark`) VALUES (31, 2, '电子邮箱', 'email', 'points_voucher_type', NULL, 'default', 'N', '0', 'admin', '2022-05-05 14:53:42', 'admin', '2022-05-05 14:54:18', NULL);

INSERT INTO `sys_dict_data` (`dict_code`, `dict_sort`, `dict_label`, `dict_value`, `dict_type`, `css_class`, `list_class`, `is_default`, `status`, `create_by`, `create_time`, `update_by`, `update_time`, `remark`) VALUES (32, 3, '身份证', 'identity', 'points_voucher_type', NULL, 'default', 'N', '0', 'admin', '2022-05-05 14:54:13', '', NULL, NULL);

INSERT INTO `sys_dict_data` (`dict_code`, `dict_sort`, `dict_label`, `dict_value`, `dict_type`, `css_class`, `list_class`, `is_default`, `status`, `create_by`, `create_time`, `update_by`, `update_time`, `remark`) VALUES (33, 4, '第三方凭证编号', 'thirdno', 'points_voucher_type', NULL, 'default', 'N', '0', 'admin', '2022-05-05 14:54:34', '', NULL, NULL);

INSERT INTO `sys_dict_data` (`dict_code`, `dict_sort`, `dict_label`, `dict_value`, `dict_type`, `css_class`, `list_class`, `is_default`, `status`, `create_by`, `create_time`, `update_by`, `update_time`, `remark`) VALUES (34, 0, '成功', '0', 'points_trans_status', 'success', 'success', 'N', '0', 'admin', '2022-05-06 14:44:51', 'admin', '2022-05-06 15:46:16', NULL);

INSERT INTO `sys_dict_data` (`dict_code`, `dict_sort`, `dict_label`, `dict_value`, `dict_type`, `css_class`, `list_class`, `is_default`, `status`, `create_by`, `create_time`, `update_by`, `update_time`, `remark`) VALUES (35, 1, '失败', '1', 'points_trans_status', 'danger', 'danger', 'N', '0', 'admin', '2022-05-06 14:44:59', 'admin', '2022-05-06 15:46:25', NULL);

INSERT INTO `sys_dict_data` (`dict_code`, `dict_sort`, `dict_label`, `dict_value`, `dict_type`, `css_class`, `list_class`, `is_default`, `status`, `create_by`, `create_time`, `update_by`, `update_time`, `remark`) VALUES (36, 0, '正常', '0', 'points_trans_reversed', NULL, 'default', 'N', '0', 'admin', '2022-05-06 14:46:47', '', NULL, NULL);

INSERT INTO `sys_dict_data` (`dict_code`, `dict_sort`, `dict_label`, `dict_value`, `dict_type`, `css_class`, `list_class`, `is_default`, `status`, `create_by`, `create_time`, `update_by`, `update_time`, `remark`) VALUES (37, 1, '冲正', '1', 'points_trans_reversed', NULL, 'default', 'N', '0', 'admin', '2022-05-06 14:46:55', 'admin', '2022-05-06 14:51:46', NULL);

INSERT INTO `sys_dict_data` (`dict_code`, `dict_sort`, `dict_label`, `dict_value`, `dict_type`, `css_class`, `list_class`, `is_default`, `status`, `create_by`, `create_time`, `update_by`, `update_time`, `remark`) VALUES (38, 0, '获资产业务积分', '0001', 'points_trans_type', NULL, 'default', 'N', '0', 'admin', '2022-05-06 14:47:50', '', NULL, NULL);

INSERT INTO `sys_dict_data` (`dict_code`, `dict_sort`, `dict_label`, `dict_value`, `dict_type`, `css_class`, `list_class`, `is_default`, `status`, `create_by`, `create_time`, `update_by`, `update_time`, `remark`) VALUES (39, 1, '获消费积分', '0002', 'points_trans_type', NULL, 'default', 'N', '0', 'admin', '2022-05-06 14:48:05', 'admin', '2022-05-06 14:51:00', NULL);

INSERT INTO `sys_dict_data` (`dict_code`, `dict_sort`, `dict_label`, `dict_value`, `dict_type`, `css_class`, `list_class`, `is_default`, `status`, `create_by`, `create_time`, `update_by`, `update_time`, `remark`) VALUES (40, 2, '获奖励业务积分', '0003', 'points_trans_type', NULL, 'default', 'N', '0', 'admin', '2022-05-06 14:48:20', 'admin', '2022-05-06 14:51:07', NULL);

INSERT INTO `sys_dict_data` (`dict_code`, `dict_sort`, `dict_label`, `dict_value`, `dict_type`, `css_class`, `list_class`, `is_default`, `status`, `create_by`, `create_time`, `update_by`, `update_time`, `remark`) VALUES (41, 3, '获投资业务积分', '0004', 'points_trans_type', NULL, 'default', 'N', '0', 'admin', '2022-05-06 14:48:34', 'admin', '2022-05-06 14:51:11', NULL);

INSERT INTO `sys_dict_data` (`dict_code`, `dict_sort`, `dict_label`, `dict_value`, `dict_type`, `css_class`, `list_class`, `is_default`, `status`, `create_by`, `create_time`, `update_by`, `update_time`, `remark`) VALUES (42, 4, '转入积分', '0006', 'points_trans_type', NULL, 'default', 'N', '0', 'admin', '2022-05-06 14:48:56', 'admin', '2022-05-06 14:51:14', NULL);

INSERT INTO `sys_dict_data` (`dict_code`, `dict_sort`, `dict_label`, `dict_value`, `dict_type`, `css_class`, `list_class`, `is_default`, `status`, `create_by`, `create_time`, `update_by`, `update_time`, `remark`) VALUES (43, 5, '活动积分', '0009', 'points_trans_type', NULL, 'default', 'N', '0', 'admin', '2022-05-06 14:49:11', 'admin', '2022-05-06 14:51:18', NULL);

INSERT INTO `sys_dict_data` (`dict_code`, `dict_sort`, `dict_label`, `dict_value`, `dict_type`, `css_class`, `list_class`, `is_default`, `status`, `create_by`, `create_time`, `update_by`, `update_time`, `remark`) VALUES (44, 6, '获测试积分', '0010', 'points_trans_type', NULL, 'default', 'N', '0', 'admin', '2022-05-06 14:49:24', 'admin', '2022-05-06 14:51:21', NULL);

INSERT INTO `sys_dict_data` (`dict_code`, `dict_sort`, `dict_label`, `dict_value`, `dict_type`, `css_class`, `list_class`, `is_default`, `status`, `create_by`, `create_time`, `update_by`, `update_time`, `remark`) VALUES (45, 7, '充值转入', '0101', 'points_trans_type', NULL, 'default', 'N', '0', 'admin', '2022-05-06 14:49:40', 'admin', '2022-05-06 14:51:24', NULL);

INSERT INTO `sys_dict_data` (`dict_code`, `dict_sort`, `dict_label`, `dict_value`, `dict_type`, `css_class`, `list_class`, `is_default`, `status`, `create_by`, `create_time`, `update_by`, `update_time`, `remark`) VALUES (46, 8, '消费', '1001', 'points_trans_type', NULL, 'default', 'N', '0', 'admin', '2022-05-06 14:49:51', 'admin', '2022-05-06 14:51:28', NULL);

INSERT INTO `sys_dict_data` (`dict_code`, `dict_sort`, `dict_label`, `dict_value`, `dict_type`, `css_class`, `list_class`, `is_default`, `status`, `create_by`, `create_time`, `update_by`, `update_time`, `remark`) VALUES (47, 9, '转让', '1002', 'points_trans_type', NULL, 'default', 'N', '0', 'admin', '2022-05-06 14:50:03', 'admin', '2022-05-06 14:51:31', NULL);

INSERT INTO `sys_dict_data` (`dict_code`, `dict_sort`, `dict_label`, `dict_value`, `dict_type`, `css_class`, `list_class`, `is_default`, `status`, `create_by`, `create_time`, `update_by`, `update_time`, `remark`) VALUES (48, 10, '手续费', '1003', 'points_trans_type', NULL, 'default', 'N', '0', 'admin', '2022-05-06 14:50:21', 'admin', '2022-05-06 14:51:35', NULL);

INSERT INTO `sys_dict_data` (`dict_code`, `dict_sort`, `dict_label`, `dict_value`, `dict_type`, `css_class`, `list_class`, `is_default`, `status`, `create_by`, `create_time`, `update_by`, `update_time`, `remark`) VALUES (49, 11, '过期冲销', '1004', 'points_trans_type', NULL, 'default', 'N', '0', 'admin', '2022-05-06 14:50:37', 'admin', '2022-05-06 14:51:37', NULL);

INSERT INTO `sys_dict_data` (`dict_code`, `dict_sort`, `dict_label`, `dict_value`, `dict_type`, `css_class`, `list_class`, `is_default`, `status`, `create_by`, `create_time`, `update_by`, `update_time`, `remark`) VALUES (50, 12, '充值转出', '1101', 'points_trans_type', NULL, 'default', 'N', '0', 'admin', '2022-05-06 14:50:50', 'admin', '2022-05-06 14:51:41', NULL);

INSERT INTO `sys_dict_data` (`dict_code`, `dict_sort`, `dict_label`, `dict_value`, `dict_type`, `css_class`, `list_class`, `is_default`, `status`, `create_by`, `create_time`, `update_by`, `update_time`, `remark`) VALUES (51, 0, '正常', '0', 'points_account_status', NULL, 'success', 'N', '0', 'admin', '2022-05-09 11:46:19', '', NULL, NULL);

INSERT INTO `sys_dict_data` (`dict_code`, `dict_sort`, `dict_label`, `dict_value`, `dict_type`, `css_class`, `list_class`, `is_default`, `status`, `create_by`, `create_time`, `update_by`, `update_time`, `remark`) VALUES (52, 1, '停用', '1', 'points_account_status', NULL, 'warning', 'N', '0', 'admin', '2022-05-09 11:46:35', '', NULL, NULL);

INSERT INTO `sys_dict_data` (`dict_code`, `dict_sort`, `dict_label`, `dict_value`, `dict_type`, `css_class`, `list_class`, `is_default`, `status`, `create_by`, `create_time`, `update_by`, `update_time`, `remark`) VALUES (53, 2, '退货', '2', 'points_trans_reversed', NULL, 'default', 'N', '0', 'admin', '2022-05-27 14:27:11', '', NULL, NULL);

INSERT INTO `sys_dict_data` (`dict_code`, `dict_sort`, `dict_label`, `dict_value`, `dict_type`, `css_class`, `list_class`, `is_default`, `status`, `create_by`, `create_time`, `update_by`, `update_time`, `remark`) VALUES (54, 1, '可用', '0', 'points_merchant_status', NULL, 'success', 'N', '0', 'admin', '2022-06-08 13:57:52', '', NULL, NULL);

INSERT INTO `sys_dict_data` (`dict_code`, `dict_sort`, `dict_label`, `dict_value`, `dict_type`, `css_class`, `list_class`, `is_default`, `status`, `create_by`, `create_time`, `update_by`, `update_time`, `remark`) VALUES (55, 2, '停用', '1', 'points_merchant_status', NULL, 'danger', 'N', '0', 'admin', '2022-06-08 13:58:08', '', NULL, NULL);

INSERT INTO `sys_dict_type` (`dict_id`, `dict_name`, `dict_type`, `status`, `create_by`, `create_time`, `update_by`, `update_time`, `remark`) VALUES (11, '凭证类型', 'points_voucher_type', '0', 'admin', '2022-05-05 14:51:43', '', NULL, NULL);

INSERT INTO `sys_dict_type` (`dict_id`, `dict_name`, `dict_type`, `status`, `create_by`, `create_time`, `update_by`, `update_time`, `remark`) VALUES (12, '交易状态', 'points_trans_status', '0', 'admin', '2022-05-06 14:43:46', '', NULL, NULL);

INSERT INTO `sys_dict_type` (`dict_id`, `dict_name`, `dict_type`, `status`, `create_by`, `create_time`, `update_by`, `update_time`, `remark`) VALUES (13, '冲正标识', 'points_trans_reversed', '0', 'admin', '2022-05-06 14:46:10', '', NULL, NULL);

INSERT INTO `sys_dict_type` (`dict_id`, `dict_name`, `dict_type`, `status`, `create_by`, `create_time`, `update_by`, `update_time`, `remark`) VALUES (14, '交易类型', 'points_trans_type', '0', 'admin', '2022-05-06 14:47:24', '', NULL, NULL);

INSERT INTO `sys_dict_type` (`dict_id`, `dict_name`, `dict_type`, `status`, `create_by`, `create_time`, `update_by`, `update_time`, `remark`) VALUES (15, '账户状态', 'points_account_status', '0', 'admin', '2022-05-09 11:45:52', '', NULL, NULL);

INSERT INTO `sys_dict_type` (`dict_id`, `dict_name`, `dict_type`, `status`, `create_by`, `create_time`, `update_by`, `update_time`, `remark`) VALUES (16, '商户状态', 'points_merchant_status', '0', 'admin', '2022-06-08 13:57:15', '', NULL, NULL);

INSERT INTO `sys_menu` (`menu_id`, `menu_name`, `parent_id`, `order_num`, `path`, `component`, `query`, `is_frame`, `is_cache`, `menu_type`, `visible`, `status`, `perms`, `icon`, `create_by`, `create_time`, `update_by`, `update_time`, `remark`) VALUES (1061, '积分业务', 0, 4, 'points', NULL, NULL, 1, 0, 'M', '0', '0', NULL, 'shopping', 'admin', '2022-04-08 11:36:56', '', NULL, '');

INSERT INTO `sys_menu` (`menu_id`, `menu_name`, `parent_id`, `order_num`, `path`, `component`, `query`, `is_frame`, `is_cache`, `menu_type`, `visible`, `status`, `perms`, `icon`, `create_by`, `create_time`, `update_by`, `update_time`, `remark`) VALUES (1062, '客户管理', 1061, 4, 'customer', 'points/customer/index', NULL, 1, 0, 'C', '0', '0', 'points:customer:list', 'peoples', 'admin', '2022-04-08 11:39:09', 'admin', '2022-06-07 15:50:01', '');

INSERT INTO `sys_menu` (`menu_id`, `menu_name`, `parent_id`, `order_num`, `path`, `component`, `query`, `is_frame`, `is_cache`, `menu_type`, `visible`, `status`, `perms`, `icon`, `create_by`, `create_time`, `update_by`, `update_time`, `remark`) VALUES (1063, '客户查询', 1062, 1, '', NULL, NULL, 1, 0, 'F', '0', '0', 'points:customer:query', '#', 'admin', '2022-05-05 11:16:36', '', NULL, '');

INSERT INTO `sys_menu` (`menu_id`, `menu_name`, `parent_id`, `order_num`, `path`, `component`, `query`, `is_frame`, `is_cache`, `menu_type`, `visible`, `status`, `perms`, `icon`, `create_by`, `create_time`, `update_by`, `update_time`, `remark`) VALUES (1064, '客户新增', 1062, 2, '', NULL, NULL, 1, 0, 'F', '0', '0', 'points:customer:add', '#', 'admin', '2022-05-05 11:17:06', '', NULL, '');

INSERT INTO `sys_menu` (`menu_id`, `menu_name`, `parent_id`, `order_num`, `path`, `component`, `query`, `is_frame`, `is_cache`, `menu_type`, `visible`, `status`, `perms`, `icon`, `create_by`, `create_time`, `update_by`, `update_time`, `remark`) VALUES (1065, '客户修改', 1062, 3, '', NULL, NULL, 1, 0, 'F', '0', '0', 'points:customer:edit', '#', 'admin', '2022-05-05 11:17:28', '', NULL, '');

INSERT INTO `sys_menu` (`menu_id`, `menu_name`, `parent_id`, `order_num`, `path`, `component`, `query`, `is_frame`, `is_cache`, `menu_type`, `visible`, `status`, `perms`, `icon`, `create_by`, `create_time`, `update_by`, `update_time`, `remark`) VALUES (1066, '客户删除', 1062, 4, '', NULL, NULL, 1, 0, 'F', '0', '0', 'points:customer:remove', '#', 'admin', '2022-05-05 11:17:47', '', NULL, '');

INSERT INTO `sys_menu` (`menu_id`, `menu_name`, `parent_id`, `order_num`, `path`, `component`, `query`, `is_frame`, `is_cache`, `menu_type`, `visible`, `status`, `perms`, `icon`, `create_by`, `create_time`, `update_by`, `update_time`, `remark`) VALUES (1067, '交易管理', 1061, 5, 'transaction', 'points/transaction/index', NULL, 1, 0, 'C', '0', '0', 'points:transaction:list', 'money', 'admin', '2022-05-05 17:38:16', 'admin', '2022-06-07 15:50:09', '');

INSERT INTO `sys_menu` (`menu_id`, `menu_name`, `parent_id`, `order_num`, `path`, `component`, `query`, `is_frame`, `is_cache`, `menu_type`, `visible`, `status`, `perms`, `icon`, `create_by`, `create_time`, `update_by`, `update_time`, `remark`) VALUES (1068, '账户管理', 1061, 6, 'account', 'points/account/index', NULL, 1, 0, 'C', '0', '0', 'points:account:list', 'number', 'admin', '2022-05-07 15:41:29', 'admin', '2022-06-07 15:50:14', '');

INSERT INTO `sys_menu` (`menu_id`, `menu_name`, `parent_id`, `order_num`, `path`, `component`, `query`, `is_frame`, `is_cache`, `menu_type`, `visible`, `status`, `perms`, `icon`, `create_by`, `create_time`, `update_by`, `update_time`, `remark`) VALUES (1070, '机构管理', 1061, 1, 'inst', 'points/base/inst/index', NULL, 1, 0, 'C', '0', '0', 'points:inst:list', 'tree', 'admin', '2022-06-01 15:07:59', 'admin', '2022-06-20 17:56:20', '');

INSERT INTO `sys_menu` (`menu_id`, `menu_name`, `parent_id`, `order_num`, `path`, `component`, `query`, `is_frame`, `is_cache`, `menu_type`, `visible`, `status`, `perms`, `icon`, `create_by`, `create_time`, `update_by`, `update_time`, `remark`) VALUES (1071, '积分类型管理', 1061, 2, 'type', 'points/base/type/index', NULL, 1, 0, 'C', '0', '0', 'points:type:listByInst', 'example', 'admin', '2022-06-01 15:12:38', 'admin', '2022-06-20 17:56:32', '');

INSERT INTO `sys_menu` (`menu_id`, `menu_name`, `parent_id`, `order_num`, `path`, `component`, `query`, `is_frame`, `is_cache`, `menu_type`, `visible`, `status`, `perms`, `icon`, `create_by`, `create_time`, `update_by`, `update_time`, `remark`) VALUES (1072, '商户管理', 1061, 7, 'merchant', 'points/merchant/index', NULL, 1, 0, 'C', '0', '0', 'points:merchant:list', 'theme', 'admin', '2022-06-01 15:14:25', 'admin', '2022-06-07 15:50:18', '');

INSERT INTO `sys_menu` (`menu_id`, `menu_name`, `parent_id`, `order_num`, `path`, `component`, `query`, `is_frame`, `is_cache`, `menu_type`, `visible`, `status`, `perms`, `icon`, `create_by`, `create_time`, `update_by`, `update_time`, `remark`) VALUES (1073, '费用部门管理', 1061, 3, 'cost', 'points/base/cost/index', NULL, 1, 0, 'C', '0', '0', 'points:cost:listByInst', 'tree-table', 'admin', '2022-06-07 15:49:47', 'admin', '2022-06-20 16:50:39', '');

INSERT INTO `sys_menu` (`menu_id`, `menu_name`, `parent_id`, `order_num`, `path`, `component`, `query`, `is_frame`, `is_cache`, `menu_type`, `visible`, `status`, `perms`, `icon`, `create_by`, `create_time`, `update_by`, `update_time`, `remark`) VALUES (1074, '积分类型新增', 1071, 1, '', NULL, NULL, 1, 0, 'F', '0', '0', 'points:type:add', '#', 'admin', '2022-06-20 16:48:35', '', NULL, '');

INSERT INTO `sys_menu` (`menu_id`, `menu_name`, `parent_id`, `order_num`, `path`, `component`, `query`, `is_frame`, `is_cache`, `menu_type`, `visible`, `status`, `perms`, `icon`, `create_by`, `create_time`, `update_by`, `update_time`, `remark`) VALUES (1075, '积分类型修改', 1071, 2, '', NULL, NULL, 1, 0, 'F', '0', '0', 'points:type:edit', '#', 'admin', '2022-06-20 16:49:08', '', NULL, '');

INSERT INTO `sys_menu` (`menu_id`, `menu_name`, `parent_id`, `order_num`, `path`, `component`, `query`, `is_frame`, `is_cache`, `menu_type`, `visible`, `status`, `perms`, `icon`, `create_by`, `create_time`, `update_by`, `update_time`, `remark`) VALUES (1076, '积分类型删除', 1071, 3, '', NULL, NULL, 1, 0, 'F', '0', '0', 'points:type:remove', '#', 'admin', '2022-06-20 16:49:33', '', NULL, '');

INSERT INTO `sys_menu` (`menu_id`, `menu_name`, `parent_id`, `order_num`, `path`, `component`, `query`, `is_frame`, `is_cache`, `menu_type`, `visible`, `status`, `perms`, `icon`, `create_by`, `create_time`, `update_by`, `update_time`, `remark`) VALUES (1077, '费用部门新增', 1073, 1, '', NULL, NULL, 1, 0, 'F', '0', '0', 'points:cost:add', '#', 'admin', '2022-06-20 16:51:01', '', NULL, '');

INSERT INTO `sys_menu` (`menu_id`, `menu_name`, `parent_id`, `order_num`, `path`, `component`, `query`, `is_frame`, `is_cache`, `menu_type`, `visible`, `status`, `perms`, `icon`, `create_by`, `create_time`, `update_by`, `update_time`, `remark`) VALUES (1078, '费用部门修改', 1073, 2, '', NULL, NULL, 1, 0, 'F', '0', '0', 'points:cost:edit', '#', 'admin', '2022-06-20 16:51:23', '', NULL, '');

INSERT INTO `sys_menu` (`menu_id`, `menu_name`, `parent_id`, `order_num`, `path`, `component`, `query`, `is_frame`, `is_cache`, `menu_type`, `visible`, `status`, `perms`, `icon`, `create_by`, `create_time`, `update_by`, `update_time`, `remark`) VALUES (1079, '费用部门删除', 1073, 3, '', NULL, NULL, 1, 0, 'F', '0', '0', 'points:cost:remove', '#', 'admin', '2022-06-20 16:51:44', '', NULL, '');

INSERT INTO `sys_menu` (`menu_id`, `menu_name`, `parent_id`, `order_num`, `path`, `component`, `query`, `is_frame`, `is_cache`, `menu_type`, `visible`, `status`, `perms`, `icon`, `create_by`, `create_time`, `update_by`, `update_time`, `remark`) VALUES (1080, '机构查询', 1062, 5, '', NULL, NULL, 1, 0, 'F', '0', '0', 'points:inst:list', '#', 'admin', '2022-06-20 17:02:40', '', NULL, '');

INSERT INTO `sys_menu` (`menu_id`, `menu_name`, `parent_id`, `order_num`, `path`, `component`, `query`, `is_frame`, `is_cache`, `menu_type`, `visible`, `status`, `perms`, `icon`, `create_by`, `create_time`, `update_by`, `update_time`, `remark`) VALUES (1081, '凭证查询', 1062, 6, '', NULL, NULL, 1, 0, 'F', '0', '0', 'points:voucher:query', '#', 'admin', '2022-06-20 17:03:52', '', NULL, '');

INSERT INTO `sys_menu` (`menu_id`, `menu_name`, `parent_id`, `order_num`, `path`, `component`, `query`, `is_frame`, `is_cache`, `menu_type`, `visible`, `status`, `perms`, `icon`, `create_by`, `create_time`, `update_by`, `update_time`, `remark`) VALUES (1082, '凭证添加', 1081, 1, '', NULL, NULL, 1, 0, 'F', '0', '0', 'points:voucher:add', '#', 'admin', '2022-06-20 17:05:03', '', NULL, '');

INSERT INTO `sys_menu` (`menu_id`, `menu_name`, `parent_id`, `order_num`, `path`, `component`, `query`, `is_frame`, `is_cache`, `menu_type`, `visible`, `status`, `perms`, `icon`, `create_by`, `create_time`, `update_by`, `update_time`, `remark`) VALUES (1083, '凭证修改', 1081, 2, '', NULL, NULL, 1, 0, 'F', '0', '0', 'points:voucher:edit', '#', 'admin', '2022-06-20 17:05:29', '', NULL, '');

INSERT INTO `sys_menu` (`menu_id`, `menu_name`, `parent_id`, `order_num`, `path`, `component`, `query`, `is_frame`, `is_cache`, `menu_type`, `visible`, `status`, `perms`, `icon`, `create_by`, `create_time`, `update_by`, `update_time`, `remark`) VALUES (1084, '凭证删除', 1081, 3, '', NULL, NULL, 1, 0, 'F', '0', '0', 'points:voucher:remove', '#', 'admin', '2022-06-20 17:06:02', '', NULL, '');

INSERT INTO `sys_menu` (`menu_id`, `menu_name`, `parent_id`, `order_num`, `path`, `component`, `query`, `is_frame`, `is_cache`, `menu_type`, `visible`, `status`, `perms`, `icon`, `create_by`, `create_time`, `update_by`, `update_time`, `remark`) VALUES (1085, '子机构查询', 1067, 1, '', NULL, NULL, 1, 0, 'F', '0', '0', 'points:inst:query', '#', 'admin', '2022-06-20 17:07:26', 'admin', '2022-06-20 17:12:37', '');

INSERT INTO `sys_menu` (`menu_id`, `menu_name`, `parent_id`, `order_num`, `path`, `component`, `query`, `is_frame`, `is_cache`, `menu_type`, `visible`, `status`, `perms`, `icon`, `create_by`, `create_time`, `update_by`, `update_time`, `remark`) VALUES (1086, '成本部门查询', 1067, 2, '', NULL, NULL, 1, 0, 'F', '0', '0', 'points:cost:listByInst', '#', 'admin', '2022-06-20 17:08:16', '', NULL, '');

INSERT INTO `sys_menu` (`menu_id`, `menu_name`, `parent_id`, `order_num`, `path`, `component`, `query`, `is_frame`, `is_cache`, `menu_type`, `visible`, `status`, `perms`, `icon`, `create_by`, `create_time`, `update_by`, `update_time`, `remark`) VALUES (1087, '交易明细查询', 1067, 3, '', NULL, NULL, 1, 0, 'F', '0', '0', 'points:transaction:detail', '#', 'admin', '2022-06-20 17:09:45', '', NULL, '');

INSERT INTO `sys_menu` (`menu_id`, `menu_name`, `parent_id`, `order_num`, `path`, `component`, `query`, `is_frame`, `is_cache`, `menu_type`, `visible`, `status`, `perms`, `icon`, `create_by`, `create_time`, `update_by`, `update_time`, `remark`) VALUES (1088, '子机构查询', 1068, 1, '', NULL, NULL, 1, 0, 'F', '0', '0', 'points:inst:query', '#', 'admin', '2022-06-20 17:12:07', '', NULL, '');

INSERT INTO `sys_menu` (`menu_id`, `menu_name`, `parent_id`, `order_num`, `path`, `component`, `query`, `is_frame`, `is_cache`, `menu_type`, `visible`, `status`, `perms`, `icon`, `create_by`, `create_time`, `update_by`, `update_time`, `remark`) VALUES (1089, '账户明细查询', 1068, 2, '', NULL, NULL, 1, 0, 'F', '0', '0', 'points:account:details', '#', 'admin', '2022-06-20 17:14:16', '', NULL, '');

INSERT INTO `sys_menu` (`menu_id`, `menu_name`, `parent_id`, `order_num`, `path`, `component`, `query`, `is_frame`, `is_cache`, `menu_type`, `visible`, `status`, `perms`, `icon`, `create_by`, `create_time`, `update_by`, `update_time`, `remark`) VALUES (1090, '解/冻结积分', 1068, 3, '', NULL, NULL, 1, 0, 'F', '0', '0', 'points:account:freeze', '#', 'admin', '2022-06-20 17:15:52', '', NULL, '');

INSERT INTO `sys_menu` (`menu_id`, `menu_name`, `parent_id`, `order_num`, `path`, `component`, `query`, `is_frame`, `is_cache`, `menu_type`, `visible`, `status`, `perms`, `icon`, `create_by`, `create_time`, `update_by`, `update_time`, `remark`) VALUES (1091, '账户修改', 1068, 4, '', NULL, NULL, 1, 0, 'F', '0', '0', 'points:account:update', '#', 'admin', '2022-06-20 17:17:52', '', NULL, '');

INSERT INTO `sys_menu` (`menu_id`, `menu_name`, `parent_id`, `order_num`, `path`, `component`, `query`, `is_frame`, `is_cache`, `menu_type`, `visible`, `status`, `perms`, `icon`, `create_by`, `create_time`, `update_by`, `update_time`, `remark`) VALUES (1092, '子机构查询', 1072, 1, '', NULL, NULL, 1, 0, 'F', '0', '0', 'points:inst:query', '#', 'admin', '2022-06-20 17:22:21', '', NULL, '');

INSERT INTO `sys_menu` (`menu_id`, `menu_name`, `parent_id`, `order_num`, `path`, `component`, `query`, `is_frame`, `is_cache`, `menu_type`, `visible`, `status`, `perms`, `icon`, `create_by`, `create_time`, `update_by`, `update_time`, `remark`) VALUES (1093, '机构新增', 1070, 1, '', NULL, NULL, 1, 0, 'F', '0', '0', 'points:inst:add', '#', 'admin', '2022-06-20 17:24:43', 'admin', '2022-06-20 17:27:36', '');

INSERT INTO `sys_menu` (`menu_id`, `menu_name`, `parent_id`, `order_num`, `path`, `component`, `query`, `is_frame`, `is_cache`, `menu_type`, `visible`, `status`, `perms`, `icon`, `create_by`, `create_time`, `update_by`, `update_time`, `remark`) VALUES (1094, '机构修改', 1070, 2, '', NULL, NULL, 1, 0, 'F', '0', '0', 'points:inst:edit', '#', 'admin', '2022-06-20 17:25:08', 'admin', '2022-06-20 17:27:42', '');

INSERT INTO `sys_menu` (`menu_id`, `menu_name`, `parent_id`, `order_num`, `path`, `component`, `query`, `is_frame`, `is_cache`, `menu_type`, `visible`, `status`, `perms`, `icon`, `create_by`, `create_time`, `update_by`, `update_time`, `remark`) VALUES (1095, '机构删除', 1070, 3, '', NULL, NULL, 1, 0, 'F', '0', '0', 'points:inst:remove', '#', 'admin', '2022-06-20 17:25:29', 'admin', '2022-06-20 17:27:48', '');

INSERT INTO `sys_menu` (`menu_id`, `menu_name`, `parent_id`, `order_num`, `path`, `component`, `query`, `is_frame`, `is_cache`, `menu_type`, `visible`, `status`, `perms`, `icon`, `create_by`, `create_time`, `update_by`, `update_time`, `remark`) VALUES (1096, '商户新增', 1072, 2, '', NULL, NULL, 1, 0, 'F', '0', '0', 'points:merchant:add', '#', 'admin', '2022-06-20 17:33:57', '', NULL, '');

INSERT INTO `sys_menu` (`menu_id`, `menu_name`, `parent_id`, `order_num`, `path`, `component`, `query`, `is_frame`, `is_cache`, `menu_type`, `visible`, `status`, `perms`, `icon`, `create_by`, `create_time`, `update_by`, `update_time`, `remark`) VALUES (1097, '商户修改', 1072, 3, '', NULL, NULL, 1, 0, 'F', '0', '0', 'points:merchant:edit', '#', 'admin', '2022-06-20 17:34:49', '', NULL, '');

INSERT INTO `sys_menu` (`menu_id`, `menu_name`, `parent_id`, `order_num`, `path`, `component`, `query`, `is_frame`, `is_cache`, `menu_type`, `visible`, `status`, `perms`, `icon`, `create_by`, `create_time`, `update_by`, `update_time`, `remark`) VALUES (1098, '商户删除', 1072, 4, '', NULL, NULL, 1, 0, 'F', '0', '0', 'points:merchant:remove', '#', 'admin', '2022-06-20 17:35:10', '', NULL, '');

INSERT INTO `sys_role` (`role_id`, `role_name`, `role_key`, `role_sort`, `data_scope`, `menu_check_strictly`, `dept_check_strictly`, `status`, `del_flag`, `create_by`, `create_time`, `update_by`, `update_time`, `remark`) VALUES (3, '积分管理员', 'points', 3, '1', 1, 1, '0', '0', 'admin', '2022-06-20 16:40:33', 'admin', '2022-06-20 17:46:39', NULL);

INSERT INTO `sys_role_menu` (`role_id`, `menu_id`) VALUES (3, 1061);

INSERT INTO `sys_role_menu` (`role_id`, `menu_id`) VALUES (3, 1062);

INSERT INTO `sys_role_menu` (`role_id`, `menu_id`) VALUES (3, 1063);

INSERT INTO `sys_role_menu` (`role_id`, `menu_id`) VALUES (3, 1064);

INSERT INTO `sys_role_menu` (`role_id`, `menu_id`) VALUES (3, 1065);

INSERT INTO `sys_role_menu` (`role_id`, `menu_id`) VALUES (3, 1066);

INSERT INTO `sys_role_menu` (`role_id`, `menu_id`) VALUES (3, 1067);

INSERT INTO `sys_role_menu` (`role_id`, `menu_id`) VALUES (3, 1068);

INSERT INTO `sys_role_menu` (`role_id`, `menu_id`) VALUES (3, 1070);

INSERT INTO `sys_role_menu` (`role_id`, `menu_id`) VALUES (3, 1071);

INSERT INTO `sys_role_menu` (`role_id`, `menu_id`) VALUES (3, 1072);

INSERT INTO `sys_role_menu` (`role_id`, `menu_id`) VALUES (3, 1073);

INSERT INTO `sys_role_menu` (`role_id`, `menu_id`) VALUES (3, 1074);

INSERT INTO `sys_role_menu` (`role_id`, `menu_id`) VALUES (3, 1075);

INSERT INTO `sys_role_menu` (`role_id`, `menu_id`) VALUES (3, 1076);

INSERT INTO `sys_role_menu` (`role_id`, `menu_id`) VALUES (3, 1077);

INSERT INTO `sys_role_menu` (`role_id`, `menu_id`) VALUES (3, 1078);

INSERT INTO `sys_role_menu` (`role_id`, `menu_id`) VALUES (3, 1079);

INSERT INTO `sys_role_menu` (`role_id`, `menu_id`) VALUES (3, 1080);

INSERT INTO `sys_role_menu` (`role_id`, `menu_id`) VALUES (3, 1081);

INSERT INTO `sys_role_menu` (`role_id`, `menu_id`) VALUES (3, 1082);

INSERT INTO `sys_role_menu` (`role_id`, `menu_id`) VALUES (3, 1083);

INSERT INTO `sys_role_menu` (`role_id`, `menu_id`) VALUES (3, 1084);

INSERT INTO `sys_role_menu` (`role_id`, `menu_id`) VALUES (3, 1085);

INSERT INTO `sys_role_menu` (`role_id`, `menu_id`) VALUES (3, 1086);

INSERT INTO `sys_role_menu` (`role_id`, `menu_id`) VALUES (3, 1087);

INSERT INTO `sys_role_menu` (`role_id`, `menu_id`) VALUES (3, 1088);

INSERT INTO `sys_role_menu` (`role_id`, `menu_id`) VALUES (3, 1089);

INSERT INTO `sys_role_menu` (`role_id`, `menu_id`) VALUES (3, 1090);

INSERT INTO `sys_role_menu` (`role_id`, `menu_id`) VALUES (3, 1091);

INSERT INTO `sys_role_menu` (`role_id`, `menu_id`) VALUES (3, 1092);

INSERT INTO `sys_role_menu` (`role_id`, `menu_id`) VALUES (3, 1093);

INSERT INTO `sys_role_menu` (`role_id`, `menu_id`) VALUES (3, 1094);

INSERT INTO `sys_role_menu` (`role_id`, `menu_id`) VALUES (3, 1095);

INSERT INTO `sys_role_menu` (`role_id`, `menu_id`) VALUES (3, 1096);

INSERT INTO `sys_role_menu` (`role_id`, `menu_id`) VALUES (3, 1097);

INSERT INTO `sys_role_menu` (`role_id`, `menu_id`) VALUES (3, 1098);

INSERT INTO `sys_user_role` (`user_id`, `role_id`) VALUES (2, 3);
